<?xml version="1.0" encoding="utf-8"?>
<extension
	type="module"
	version="2.5"
	client="site"
	method="upgrade">
	<name>Styled Custom HTML</name>
    <author>RBA DESIGN INTERNATIONAL LLC</author>
	<creationDate>Dec 2012</creationDate>
	<copyright>RBA DESIGN INTERNATIONAL LLC</copyright>
	<license>GNU/GPLv3 http://www.gnu.org/licenses/gpl-3.0.html</license>
	<authorEmail>protopopov@narod.ru</authorEmail>
	<authorUrl>http://rbadesign.us</authorUrl>
	<description>
		<version>1.0</version>
            Allows to place custom HTML into module position.
            Unlike standard mod_custom, can modify module position and size within parent block.
	</description>
    <files>
       <filename module="mod_styledcustomhtml">mod_styledcustomhtml.php</filename>
	   <filename>mod_styledcustomhtml.xml</filename>
	   <filename>index.html</filename>
	   <folder>admin</folder>
	   <folder>css</folder>
    </files>
	<languages>
		<language tag="en-GB">language/en-GB.mod_styledcustomhtml.ini</language>
		<language tag="ru-RU">language/ru-RU.mod_styledcustomhtml.ini</language>
	</languages>
	<config>
		<fields name="params">
			<fieldset name="CUSTOM_OUTPUT" addfieldpath="/modules/mod_styledcustomhtml/admin">
				<field name="customHtml" type="editor" filter="raw" default="" label="MOD_STYLEDCUSTOMHTML_CUSTOM_HTML" description="MOD_STYLEDCUSTOMHTML_CUSTOM_HTML_DESC" />
			</fieldset>
			<fieldset name="GENERAL_SETTINGS" addfieldpath="/modules/mod_styledcustomhtml/admin">
				<field name="class_sfx" type="text" default="" label="MOD_STYLEDCUSTOMHTML_CLASS_SUFFIX" description="MOD_STYLEDCUSTOMHTML_CLASS_SUFFIX_DESC" />
				<field name="display" type="list" default="block" label="MOD_STYLEDCUSTOMHTML_DISPLAY" description="MOD_STYLEDCUSTOMHTML_DISPLAY_DESC">
					<option value="block">DISPLAY_BLOCK</option>
					<option value="inline">DISPLAY_INLINE</option>
				</field>
				<field name="position" type="list" default="absolute" label="MOD_STYLEDCUSTOMHTML_POSITION" description="MOD_STYLEDCUSTOMHTML_POSITION_DESC">
					<option value="fixed">POSITION_FIXED</option>
					<option value="absolute">POSITION_ABSOLUTE</option>
					<option value="relative">POSITION_RELATIVE</option>
				</field>
				<field name="left" type="text" default="" label="MOD_STYLEDCUSTOMHTML_LEFT" description="MOD_STYLEDCUSTOMHTML_LEFT_DESC" />
				<field name="top" type="text" default="" label="MOD_STYLEDCUSTOMHTML_TOP" description="MOD_STYLEDCUSTOMHTML_TOP_DESC" />
				<field name="right" type="text" default="" label="MOD_STYLEDCUSTOMHTML_RIGHT" description="MOD_STYLEDCUSTOMHTML_RIGHT_DESC" />
				<field name="bottom" type="text" default="" label="MOD_STYLEDCUSTOMHTML_BOTTOM" description="MOD_STYLEDCUSTOMHTML_BOTTOM_DESC" />
				<field name="width" type="text" default="" label="MOD_STYLEDCUSTOMHTML_WIDTH" description="MOD_STYLEDCUSTOMHTML_WIDTH_DESC" />
				<field name="height" type="text" default="" label="MOD_STYLEDCUSTOMHTML_HEIGHT" description="MOD_STYLEDCUSTOMHTML_HEIGHT_DESC" />
				<field name="border" type="text" default="" label="MOD_STYLEDCUSTOMHTML_BORDER" description="MOD_STYLEDCUSTOMHTML_BORDER_DESC" />
			</fieldset>
							
			<fieldset name="UPDATE" addfieldpath="/modules/mod_styledcustomhtml/admin">
				<field type="update" name="module_updates" /> 
			</fieldset>
			
			<fieldset name="STYLEDCUSTOMHTML_ABOUT" addfieldpath="/modules/mod_styledcustomhtml/admin">
				<field type="about" name="about_us" /> 
			</fieldset>
		
		</fields>
	</config>
</extension>
